Häufigste Suchanfragen,Klicks,Impressionen,CTR,Position
memoro,144,2579,5.58%,6.33
memoro app,25,90,27.78%,1.47
memoro ai,25,65,38.46%,1.05
memoro.ai,1,24,4.17%,1
memo ro,1,11,9.09%,3.82
memo app,0,184,0%,57.75
ai powered decision making,0,148,0%,81.13
memos,0,145,0%,93.2
memo,0,143,0%,96.4
app patientendokumentation,0,120,0%,32.98
ki entscheidungsfindung,0,79,0%,63.95
zeitersparnis durch ki in meetings,0,79,0%,81.04
memoro drive,0,77,0%,9.84
ki-gestützte entscheidungen,0,70,0%,49.64
ai-powered decision making,0,69,0%,82.32
ai handwerk lösung,0,60,0%,91.88
memo ai,0,59,0%,75.12
memorae.ai pricing,0,57,0%,5.86
außendienst dokumentation,0,48,0%,84.46
mängelverfolgung,0,38,0%,64.03
ai decision maker,0,37,0%,58.46
außendienst datensicherheit,0,37,0%,63.16
baufortschritt dokumentieren,0,36,0%,63.06
ai-entscheidungsfindung,0,34,0%,71.5
pflegedokumentation datenschutz,0,34,0%,90.21
protokoll software,0,31,0%,29.45
meetingprotokoll,0,31,0%,82.61
mana preis,0,30,0%,79.83
pflegedaten,0,30,0%,91.5
teambesprechung vorlage,0,29,0%,69.34
memoro storage,0,28,0%,8.5
besprechungsprotokoll software,0,28,0%,38.82
vorlagen für die qualitätskontrolle,0,28,0%,76.64
app für patientendokumentation,0,25,0%,36.72
memos app,0,25,0%,51.92
zahnärzte datensätze,0,24,0%,77.62
baumeister app,0,23,0%,73.96
pflegedokumentation vorlagen,0,23,0%,93.52
decision maker ai,0,22,0%,39.91
verfolgung außendiensteinsätze,0,22,0%,56.32
kurzzusammenfassung,0,21,0%,22.33
memoro reviews,0,20,0%,1
me moro,0,20,0%,15.95
arbeitsberichte app,0,20,0%,76.9
ideenentwicklung,0,20,0%,77.65
app mobile pflegedokumentation,0,20,0%,91.2
baustellendokumentation muster,0,19,0%,30.11
ki gestützte entscheidungsfindung,0,19,0%,42.68
ki-gestützte meeting-software,0,19,0%,74.89
protokollsoftware bau,0,18,0%,63.44
ai zahnmedizin,0,18,0%,90.28
memoro ag,0,16,0%,6
ai-powered decision-making,0,16,0%,72.19
protokollsoftware bauwesen,0,16,0%,74
report dentisti,0,16,0%,74.12
nachhaltige heizungskonzepte,0,16,0%,90.56
memoro drive reviews,0,15,0%,2.73
software protokollerstellung,0,15,0%,21.07
app memo,0,15,0%,57.33
protokoll software kostenlos,0,13,0%,36.23
mp3 upload,0,13,0%,57.46
brainstorming vorlagen,0,13,0%,93.77
memorandum app,0,12,0%,45.17
till dev ceo,0,11,0%,8.64
software protokoll,0,11,0%,44.64
memo android,0,11,0%,58.91
riepilogo automatico delle conversazioni,0,10,0%,58.6
ai memo,0,10,0%,96.1
memoros,0,9,0%,5.89
memojuro,0,9,0%,6.78
decide framework,0,9,0%,46.11
site à la con,0,9,0%,53.56
memo logo,0,9,0%,70.56
zusammenfassung vorlesung,0,9,0%,71.67
memoright,0,9,0%,73.67
automatisierte meeting-lösungen,0,9,0%,74.67
memo gmbh,0,9,0%,75.11
ki-meeting-management-software,0,9,0%,93.56
till schneider,0,8,0%,3.88
memorae ai pricing,0,8,0%,4.75
memorare ai,0,8,0%,7
memoro latino,0,8,0%,18.25
memo de,0,8,0%,88.88
memoorb,0,7,0%,6.14
screenshots demo,0,7,0%,16.29
baustellendokumentation vorlage,0,7,0%,19
meeting protokoll software,0,7,0%,22.29
dokumentation zahnarztpraxis,0,7,0%,45.14
memo0,0,7,0%,48
handwerksarbeit,0,7,0%,86.14
detailed summary,0,6,0%,13.83
memora ai,0,6,0%,31.33
protokoll programm,0,6,0%,43.83
ai-powered personal organizer,0,6,0%,94
is memoro legit,0,5,0%,1
memorae.ai privacy policy,0,5,0%,7.8
protokollsoftware mit bilddokumentation,0,5,0%,11.4
branchenspezifische meeting-software mit ki,0,5,0%,24
automatische protokollierung,0,5,0%,35
changelog deutsch,0,5,0%,39.8
ki protokoll app,0,5,0%,47.6
transkript protokoll,0,5,0%,48
memo apps,0,5,0%,49
tagesprotokolle vorlage,0,5,0%,51.6
memo application,0,5,0%,58
cloud migration heilbronn,0,5,0%,69
ki protokoll schreiben,0,5,0%,74
hotjar ip blocking,0,5,0%,78.6
logo memo,0,5,0%,85
memo deutsch,0,5,0%,85.6
memorro,0,4,0%,4
"""memoro""",0,4,0%,7.5
qualitätssicherungsplan vorlage,0,4,0%,47
französisch mit aufnahme,0,4,0%,55.25
hotjar rgpd,0,4,0%,61.25
memo ai app,0,4,0%,72.5
ideenboard,0,4,0%,81.25
hotjar block ip,0,4,0%,87.25
baumeister software,0,4,0%,91
datenschutz pflegedokumentation,0,4,0%,94.25
memomaker,0,4,0%,94.5
optimale länge blogbeitrag,0,4,0%,94.5
μεμο,0,4,0%,94.75
is memoro drive legit,0,3,0%,1
textbausteine zahnarzt,0,3,0%,1
memotro,0,3,0%,4.67
neoro.ai dental,0,3,0%,5
memoro phone storage,0,3,0%,7
memorool,0,3,0%,7.33
mp3 uploading,0,3,0%,9.33
posthog rgpd,0,3,0%,10.33
programmier bar,0,3,0%,12
moro ai,0,3,0%,15.33
gesprächsdokumentation,0,3,0%,34
memo pro,0,3,0%,40.33
🇩🇴 sprache,0,3,0%,42.67
firebase rgpd,0,3,0%,44
upload audio,0,3,0%,44
protokoll ki,0,3,0%,45.67
audio upload,0,3,0%,52.33
automatisierte prüfprotokolle,0,3,0%,54.33
programmierbar,0,3,0%,55.67
posthog experiment bubble,0,3,0%,61.67
upload mp3,0,3,0%,66.67
protokoll schreiben ki,0,3,0%,67.67
team protokoll,0,3,0%,75.67
мемо,0,3,0%,75.67
memos ai,0,3,0%,81.33
memos deutsch,0,3,0%,86
memorization app,0,3,0%,87.33
mp3 hochladen,0,3,0%,88
apps memo,0,3,0%,91.67
crm im technischen außendienst,0,3,0%,94.33
nlp für zahnärzte,0,3,0%,94.33
app entwicklung konstanz,0,3,0%,97
programmier.bar,0,2,0%,3.5
memorea ai,0,2,0%,5
memorae ai,0,2,0%,5.5
perfektes gehör,0,2,0%,6
"""detailed summary""",0,2,0%,9.5
memocom,0,2,0%,12
memorado app,0,2,0%,14
arbeitsberichte handwerk,0,2,0%,32.5
menoro,0,2,0%,34
flo könig,0,2,0%,35
app dentisti,0,2,0%,39
wertebasierter sales,0,2,0%,44.5
memos android app,0,2,0%,46.5
memoo,0,2,0%,48
ki meeting protokoll,0,2,0%,48.5
application memo,0,2,0%,50.5
memorun,0,2,0%,64
audio hochladen,0,2,0%,70.5
memoras,0,2,0%,70.5
memo one,0,2,0%,71
clear sight it decision maker,0,2,0%,72
memo app download,0,2,0%,73.5
provate dentist,0,2,0%,74
ai powered decisioning,0,2,0%,74.5
idea maturation,0,2,0%,75
voice upload,0,2,0%,76
deadline aufgabenverwaltung,0,2,0%,81.5
software pflegedokumentation,0,2,0%,81.5
my memo ai,0,2,0%,85.5
erweiterte entscheidungsfindung,0,2,0%,91
digitale dokumentation zahnarztpraxis,0,2,0%,95.5
handelsregisteränderungen,0,2,0%,96
ki dentalklinik,0,2,0%,98.5
is memocore legit,0,1,0%,1
memoribid,0,1,0%,3
memoro drive review,0,1,0%,3
memorn,0,1,0%,4
memori ia,0,1,0%,6
zahnarzt dokumentation,0,1,0%,6
florian moro,0,1,0%,7
memirro,0,1,0%,7
memmeroo,0,1,0%,8
memorae.ai sitio web,0,1,0%,8
memo.ro,0,1,0%,9
memos pro,0,1,0%,9
michael baumeister,0,1,0%,9
memori app,0,1,0%,10
memorp,0,1,0%,10
memotrace,0,1,0%,10
nemoro,0,1,0%,10
prompt post-processing,0,1,0%,10
memmo app,0,1,0%,11
моро дентал,0,1,0%,11
memodio,0,1,0%,12
 - provide a detailed summary,0,1,0%,13
memo app windows,0,1,0%,13
memo-app kostenlos,0,1,0%,13
memodo erfahrungen,0,1,0%,14
memotel,0,1,0%,14
ai help me decide,0,1,0%,15
till schneider architekt,0,1,0%,16
audioarchive,0,1,0%,21
projektbesprechung,0,1,0%,22
codify deutsch,0,1,0%,26
share memo,0,1,0%,26
memorar.ai,0,1,0%,28
memotoo,0,1,0%,28
memo ai pricing,0,1,0%,29
ki dokumentation zahnarzt,0,1,0%,33
südkurier app,0,1,0%,36
memogro,0,1,0%,37
programmier code,0,1,0%,38
memoprof,0,1,0%,39
memoer,0,1,0%,41
meeting protokoll app,0,1,0%,42
agb dienstleistung,0,1,0%,43
protokollsoftware,0,1,0%,43
baustellendokumentation app,0,1,0%,44
nta isny,0,1,0%,44
kommunikationsinhalte,0,1,0%,45
mymemoai,0,1,0%,45
download memo,0,1,0%,46
memonote,0,1,0%,50
ki protokoll schreiben kostenlos,0,1,0%,52
memotome,0,1,0%,52
prompt engineering infographic,0,1,0%,52
garrelt,0,1,0%,53
memoptimizer,0,1,0%,53
memoro meaning,0,1,0%,54
memorator,0,1,0%,56
idea maturation workshop,0,1,0%,57
meeting zusammenfassung vorlage,0,1,0%,57
memo apk,0,1,0%,58
audio archiv,0,1,0%,60
memo tablet,0,1,0%,60
my memo,0,1,0%,60
meetingsprotokoll,0,1,0%,61
memo apk download,0,1,0%,63
quote preparation,0,1,0%,63
firebase dsgvo konform,0,1,0%,64
meemo ai,0,1,0%,64
holzbau hoffmann,0,1,0%,65
übergabeschein vorlage,0,1,0%,65
pflegedokumentation app kostenlos,0,1,0%,66
übergabeprotokoll büro,0,1,0%,66
memo ai download,0,1,0%,67
memo me,0,1,0%,68
memocam,0,1,0%,68
memo to me,0,1,0%,71
memoapp,0,1,0%,71
automatisierte agenden und protokolle,0,1,0%,74
ai decision making app,0,1,0%,75
memories.ai,0,1,0%,75
ai time manager,0,1,0%,76
logo per dentisti,0,1,0%,78
protokoll schreiben mit ki,0,1,0%,78
app für zahnärzte,0,1,0%,79
memove,0,1,0%,79
mike baumeister,0,1,0%,79
it consulting bauer,0,1,0%,80
manalake,0,1,0%,80
firebase crashlytics gdpr,0,1,0%,81
memo auf deutsch,0,1,0%,82
memonot,0,1,0%,82
nursing documentation app,0,1,0%,82
memomaster download,0,1,0%,84
ki zeitmanagement,0,1,0%,85
memoona,0,1,0%,88
baustellendokumentation beispiele,0,1,0%,89
memo website,0,1,0%,90
modern dentist munich,0,1,0%,92
änderungsschneider konstanz,0,1,0%,92
memo price,0,1,0%,94
mana flow,0,1,0%,95
memo def,0,1,0%,95
qualitätssicherung baustelle,0,1,0%,95
beantwortete,0,1,0%,97
hangouts kosten,0,1,0%,99
tägliche teambesprechung,0,1,0%,99
baustellenprotokoll app,0,1,0%,100
ki-ersteinschätzung,0,1,0%,100
memo tools,0,1,0%,100
projektstatusbericht kurz,0,1,0%,100
projektstatusberichte,0,1,0%,100
memo file,0,1,0%,101
minodor ai,0,1,0%,101
pro memora,0,1,0%,101
mémo,0,1,0%,102
posthog blog,0,1,0%,136